frame_no,timestamp,size_px-green,position_px_x-green,position_px_y-green,rx-green,ry-green,vx-green,vy-green,ax-green,ay-green,size_px-hotpink,position_px_x-hotpink,position_px_y-hotpink,rx-hotpink,ry-hotpink,vx-hotpink,vy-hotpink,ax-hotpink,ay-hotpink,size_px-lightorange,position_px_x-lightorange,position_px_y-lightorange,rx-lightorange,ry-lightorange,vx-lightorange,vy-lightorange,ax-lightorange,ay-lightorange
0,154.6,13,446,373,48.59033619469361,40.6372094184321,,,,,12,452,251,49.24401784753702,27.34568247728273,,,,,,,,,,,,,
1,154.6,13,445,373,48.48138925255304,40.6372094184321,,,,,12,475,254,51.7497975167701,27.672523303704434,,,,,,,,,,,,,
2,309.9,13,445,373,48.48138925255304,40.6372094184321,,,,,12,496,261,54.03768330172205,28.435151898688414,,,,,,,,,,,,,
3,333.2,13,445,373,48.48138925255304,40.6372094184321,-0.19433590413755977,0.0,4.654752194911611,0.0,11,520,274,56.652409913095696,29.851462146515807,50.55638741892556,54.25845371192602,101.6352599013499,450.48524505748384,,,,,,,,,
4,357.3,13,446,373,48.59033619469361,40.6372094184321,-0.9926749341394613,0.0,-15.097717629497506,0.0,11,538,290,58.613454871625926,31.594613220764906,42.7739292040853,76.37050404229382,87.94048450565936,562.617356964282,,,,,,,,,
5,396.0,13,446,373,48.59033619469361,40.6372094184321,-1.1939453523976808,1.6238162345246152,-57.12657188505648,37.71930858361475,11,553,309,60.247659003734455,33.664605121435706,52.10751626815329,127.80567382071642,-464.98576226072277,1557.9257280493587,,,,,,,,,
6,416.7,13,445,373,48.48138925255304,40.6372094184321,0.0,0.0,0.0,0.0,11,562,330,61.228181482999574,35.95249090638765,29.329870939071235,168.0387936431701,-610.0548163050465,2274.7923580860866,,,,,,,,,
7,428.5,13,445,373,48.48138925255304,40.6372094184321,1.5215813922159622,0.0,85.72289533611054,0.0,11,568,353,61.881863135842984,38.45827057562073,3.134643307350006,166.3440795622231,-1201.4035714926063,1964.7302700000232,,,,,,,,,
8,440.3,13,445,374,48.48138925255304,40.74615636057267,-1.1561058318458266,-0.3128879032635731,58.83490238401152,-125.15516130542909,11,570,375,62.09975702012412,40.85510330271324,-9.726075560808805,177.66355262437168,-2326.5985189565267,692.9943082330437,,,,,,,,,
9,451.8,13,445,373,48.48138925255304,40.6372094184321,0.0,0.0,0.0,0.0,11,568,397,61.881863135842984,43.25193602980575,-31.666620849053846,193.16869190534547,-2865.5287613658957,-842.8893232042985,,,,,,,,,
10,464.2,14,446,373,48.59033619469361,40.6372094184321,0.31437471867484307,0.0,-153.35352130480072,0.0,11,562,419,61.228181482999574,45.64876875689826,-67.89832776738302,179.95433482481562,-2778.0345839546235,-1202.2509835802737,,,,,,,,,
11,479.6,13,445,373,48.48138925255304,40.6372094184321,0.0,-1.3646035911249517,0.0,71.63273444225464,11,550,444,59.92081817731275,48.372442310412474,-104.24364960454604,156.59005995041392,-2483.4561397578354,-1765.43668349807,,,,,,,,,
12,491.3,14,445,373,48.48138925255304,40.6372094184321,0.0,0.0,0.0,0.0,11,536,461,58.39556098734479,50.22454032680214,-132.12244538680113,133.24589893520837,-2220.8421013048523,-2191.1761436380866,,,,,,,,,
13,504.0,13,445,373,48.48138925255304,40.6372094184321,0.04900645137348969,0.0,140.01843249568748,0.0,10,517,476,56.32556908667399,51.85874445891067,-150.99897433547372,105.43349812345996,-1397.8773038891275,-2542.514679804433,,,,,,,,,
14,517.7,14,445,373,48.48138925255304,40.6372094184321,0.7551170630445155,0.0,39.63869097346536,0.0,11,497,487,54.14663024386261,53.05716082245693,-141.74687692009752,80.75121298123007,514.7827898601206,-2215.605152154623,,,,,,,,,
15,529.4,13,445,373,48.48138925255304,40.6372094184321,0.45836684727530397,0.0,24.061251825475296,0.0,11,475,493,51.7497975167701,53.71084247530034,-148.35671493857373,60.10045057888406,1368.6494739152156,-1648.4799380587326,,,,,,,,,
16,543.1,13,446,373,48.59033619469361,40.6372094184321,1.9835153538965353,0.0,-41.06657047404834,0.0,11,453,496,49.35296478967759,54.03768330172205,-149.04251311126748,34.47088814572098,1497.952046815275,-1087.2863420747963,,,,,,,,,
17,575.2,13,446,373,48.59033619469361,40.6372094184321,1.597307285700158,0.0,-10.345118011529948,0.0,11,430,496,46.847185120444514,54.03768330172205,-105.85883430393612,-1.1009522683460446,733.4969533107106,-631.4266826132424,,,,,,,,,
18,607.4,13,446,373,48.59033619469361,40.6372094184321,0.8010916873831675,0.0,-15.273435412453146,0.0,11,407,490,44.341405451211436,53.38400164887863,-79.72039355908905,-21.448622941666457,391.2562024818273,-442.5219470835881,,,,,,,,,
19,639.7,13,446,373,48.59033619469361,40.6372094184321,0.0,0.0,0.0,0.0,10,385,480,41.94457272411893,52.29453222747295,-63.60153924094081,-36.37215628230185,271.0122155103288,-379.44335622795325,,,,,,,,,
20,676.9,13,447,373,48.69928313683418,40.6372094184321,-0.01821138659183469,0.0,-21.425160696277214,0.0,11,366,465,39.87458082344812,50.66032809536442,-54.316390226158205,-48.874780749546275,280.1204326829564,-308.0783022677853,,,,,,,,,
21,712.3,13,446,373,48.59033619469361,40.6372094184321,0.0,0.0,0.0,0.0,11,350,447,38.13142974919902,48.69928313683418,-43.155378398883606,-59.59530141291404,305.88422001970696,-284.77411528528836,,,,,,,,,
22,742.9,13,446,373,48.59033619469361,40.6372094184321,-0.5798609688399753,0.0,-11.237615675193327,0.0,11,338,427,36.8240664435122,46.520344294022806,-31.565764980761227,-66.52546793323724,349.8361228652449,-204.92314863513607,,,,,,,,,
23,776.9,13,446,373,48.59033619469361,40.6372094184321,-1.0972585149896268,0.0,-0.15578187167862323,0.0,11,329,406,35.84354396424708,44.23245850907087,-20.013103439940704,-71.4146183134713,405.94530304139346,-142.71844901071486,,,,,,,,,
24,807.6,13,446,373,48.59033619469361,40.6372094184321,0.0,0.0,0.0,0.0,11,325,383,35.407756195684804,41.72667883983779,-7.1727274835877015,-74.71458994702022,449.2606050652011,-32.52469970120027,,,,,,,,,
25,839.8,13,445,373,48.48138925255304,40.6372094184321,-0.5707312626294659,0.536967795713456,11.426051303893203,11.082926640112614,11,325,359,35.407756195684804,39.11195222846414,7.078624070080185,-73.71263258017771,447.77768623364926,56.581257057417005,,,,,,,,,
26,875.5,13,445,373,48.48138925255304,40.6372094184321,-0.009994419147105811,0.0,22.20982032690216,0.0,11,329,335,35.84354396424708,36.49722561709049,22.34437753114198,-70.46766044203407,453.2328099623119,161.9265194252627,,,,,,,,,
27,907.5,13,446,373,48.59033619469361,40.6372094184321,0.0,0.0,0.0,0.0,11,339,313,36.93301338565277,34.100392889997984,34.35263941369282,-64.34303890183735,382.0780715570317,240.16335926442054,,,,,,,,,
28,939.7,13,445,374,48.48138925255304,40.74615636057267,0.5428323522790949,0.0032651496448709003,10.867514560142032,-21.767664299143345,11,352,294,38.34932363348016,32.03040098932718,45.68607663185513,-56.123967011662906,325.1442869750575,295.54417974968624,,,,,,,,,
29,975.0,13,446,373,48.59033619469361,40.6372094184321,0.01519248561905729,0.0,-21.703550884366223,0.0,11,370,278,40.3103685920104,30.287249915078082,55.30552445424454,-46.43483213350559,209.30280658246332,321.1454063743047,,,,,,,,,
30,1007.4,13,446,373,48.59033619469361,40.6372094184321,0.0,0.0,0.0,0.0,11,388,265,42.27141355054063,28.87093966725069,63.046491210715075,-34.356926248705676,192.37341587084134,360.1592163738514,,,,,,,,,
31,1039.9,13,446,373,48.59033619469361,40.6372094184321,0.5420148410486691,-0.5420148410486691,-10.88383214957168,10.88383214957168,11,409,256,44.559299335492575,27.890417187985573,69.2943826337947,-22.242258389592994,146.0793857183472,380.73742947326565,,,,,,,,,
32,1075.9,13,445,373,48.48138925255304,40.6372094184321,-0.5361042406261143,0.0,10.775964635700788,0.0,11,431,250,46.956132062585084,27.23673553514216,71.29312951535438,-8.395358022589074,107.59719462883133,432.8580447836038,,,,,,,,,
33,1107.8,13,446,373,48.59033619469361,40.6372094184321,0.0,0.0,0.0,0.0,11,455,250,49.57085867395873,27.23673553514216,72.00535077184766,5.696272702615356,-13.910077999674638,437.7132726962889,,,,,,,,,
34,1139.5,13,446,373,48.59033619469361,40.6372094184321,0.0,0.0,0.0,0.0,11,479,253,52.18558528533238,27.563576361563864,68.27445965153767,17.228397114790134,-166.5597668881672,411.84601438985027,,,,,,,,,
35,1175.4,13,445,373,48.48138925255304,40.6372094184321,0.5450047482313688,0.0,10.95486931118329,0.0,11,501,262,54.58241801242489,28.544098840828983,65.08596410751268,31.10476763227011,-232.36433850504616,361.11433018844014,,,,,,,,,
36,1207.1,13,446,373,48.59033619469361,40.6372094184321,0.0,0.0,0.0,0.0,11,520,275,56.652409913095696,29.960409088656377,57.93057814771415,41.742763682957175,-269.56973316112106,288.2986302310392,,,,,,,,,
37,1243.7,13,446,373,48.59033619469361,40.6372094184321,0.0,0.0,0.0,0.0,11,536,290,58.39556098734479,31.594613220764906,47.98379452546331,53.140480012751816,-222.89637756623478,277.4454039971299,,,,,,,,,
38,1275.2,13,446,373,48.59033619469361,40.6372094184321,0.5474622066767493,0.0,-10.90562164694721,0.0,11,550,307,59.92081817731275,33.446711237154574,38.726292610358215,59.796794364446775,-295.88559129764906,213.876185486443,,,,,,,,,
39,1307.8,14,446,373,48.59033619469361,40.6372094184321,0.0,0.0,0.0,0.0,11,561,327,61.119234540859004,35.62565007996594,27.1338046797034,60.38061335549487,-342.08415895428607,81.86720239135774,,,,,,,,,
40,1340.3,14,446,373,48.59033619469361,40.6372094184321,-0.5297068825760984,0.0,-10.967016202403705,0.0,11,569,349,61.990810077983554,38.02248280705845,15.817412422453888,69.4522874767412,-443.07426638841235,60.273177037847496,,,,,,,,,
41,1375.6,14,446,373,48.59033619469361,40.6372094184321,0.0,0.0,0.0,0.0,11,572,372,62.31765090440526,40.52826247629153,2.0877966784294926,70.1289051984581,-433.9649252746374,-8.057244569882902,,,,,,,,,
42,1421.7,13,446,373,48.59033619469361,40.6372094184321,0.0,0.0,0.0,0.0,11,569,395,61.990810077983554,43.03404214552461,-16.883093841798114,69.79688388385607,-430.82011710368545,83.47556369048894,,,,,,,,,
43,1441.0,13,445,373,48.48138925255304,40.6372094184321,-0.5357961877627664,0.0,10.84607667535965,0.0,11,563,416,61.33712842514014,45.321927930476555,-23.809046794752305,65.39824437505952,-343.9457776474602,-140.79041838207127,,,,,,,,,
44,1475.6,13,446,373,48.59033619469361,40.6372094184321,0.0,0.0,0.0,0.0,11,554,436,60.356605945875025,47.500866773287925,-35.61029818455923,60.04302342466678,-319.9969719851369,-193.66039090594344,,,,,,,,,
45,1507.8,13,446,373,48.59033619469361,40.6372094184321,0.0,0.0,0.0,0.0,11,541,453,58.940295698047635,49.35296478967759,-46.45653318278735,59.16672898715895,-256.13550057318486,-330.40134526301176,,,,,,,,,
46,1539.8,13,445,373,48.48138925255304,40.6372094184321,0.5430779930196886,0.0,10.993481640074675,0.0,11,526,469,57.306091565939106,51.09611586392669,-54.17353862568756,44.031842625011464,-270.72004888969104,-291.7278356674847,,,,,,,,,
47,1575.0,13,446,373,48.59033619469361,40.6372094184321,-0.49738779596060245,0.0,-10.007802735625793,0.0,11,507,482,55.2360996652683,52.51242611175408,-59.412305611176365,33.47989586659487,-158.9166583290908,-340.808976459688,,,,,,,,,
48,1607.2,14,446,373,48.59033619469361,40.6372094184321,0.0,-0.5097134483188823,0.0,-10.255803789112312,11,487,492,53.05716082245693,53.60189553315977,-64.96561299643946,22.396729039420244,-116.28059225683712,-409.43768789068395,,,,,,,,,
49,1639.6,13,446,373,48.59033619469361,40.6372094184321,0.017225289575692346,0.0,-21.53161196961369,0.0,11,464,496,50.55138115322385,54.03768330172205,-69.28449804731649,8.459207438890198,-32.10478921910508,-421.1506249762284,,,,,,,,,
50,1681.0,13,445,373,48.48138925255304,40.6372094184321,0.11062020701956393,0.0,21.47965184845912,0.0,11,441,497,48.04560148399077,54.14663024386261,-69.87693568186924,-7.043805617746465,-38.529192061340815,-423.7891647542995,,,,,,,,,
51,1711.5,13,446,372,48.59033619469361,40.52826247629153,-0.5090239705556767,-0.017720985001488398,-9.76076645360838,19.68998333498756,11,419,493,45.64876875689826,53.71084247530034,-65.85107124067162,-16.780070043335712,99.30152717088988,-341.79527630406153,16,215,1,23.423592560222257,0.10894694214056865,,,,
52,1741.0,13,445,373,48.48138925255304,40.6372094184321,-0.538271225962022,0.0,10.575073201611438,0.0,11,398,484,43.36088297194632,52.73031999603522,-63.830524792521274,-28.88933401190614,139.67822619731433,-315.5069973274464,28,214,4,23.314645618081688,0.4357877685622746,,,,
53,1776.7,13,446,373,48.59033619469361,40.6372094184321,0.0312371766210803,0.0,-23.138649348949894,0.0,11,378,473,41.18194412913495,51.53190363248897,-60.92422645735261,-42.23744787869355,225.62865338875204,-311.71015104396736,28,219,16,23.859380328784532,1.7431510742490983,,,,
54,1817.6,14,445,373,48.48138925255304,40.6372094184321,0.1863849875722625,0.47069714270842417,22.869323628498858,-10.483232577025015,11,360,459,39.22089917060471,50.006646442521,-49.45484171905927,-56.08571279920784,209.7697173458369,-399.1216465210501,26,225,32,24.513061981627942,3.4863021484981966,15.877367641855784,44.16030728659168,105.73122210480454,232.3938874285453
55,1842.8,13,445,373,48.48138925255304,40.6372094184321,0.5587520881117286,0.0,10.97744770357031,0.0,11,345,442,37.58669503849618,48.154548426131335,-39.12570102741047,-59.58596894381363,345.6817691879672,-287.57030978272047,28,231,46,25.166743634471356,5.011559338466157,19.581595476160334,48.96967926969088,27.271085699733472,78.99880341488685
56,1875.1,13,445,373,48.48138925255304,40.6372094184321,-0.020973582308675107,0.0,22.077455061759743,0.0,11,333,421,36.279331732809354,45.866662641179396,-28.377330195894142,-66.17799486892275,435.89362834820963,-174.8863324972773,29,238,62,25.929372229455335,6.754710412715256,21.377071410691222,52.60434994761788,6.922121038487678,34.021724911476795
57,1907.4,13,446,373,48.59033619469361,40.6372094184321,0.6395107088522135,0.0,-12.777436740303978,0.0,11,327,398,35.62565007996594,43.36088297194632,-18.530482738494474,-74.00799412933071,478.96879001640656,-0.03829401620685948,31,242,77,26.36515999801761,8.388914544823786,23.738535318629477,56.57038495753592,69.35046334672505,43.99982461921006
58,1941.7,13,446,373,48.59033619469361,40.6372094184321,0.5468672123864299,0.0,-11.21778897202933,0.0,11,325,375,35.407756195684804,40.85510330271324,-1.9343863259970548,-73.7773046570328,406.41761810047313,0.5867766539202767,31,250,94,27.23673553514216,10.241012561213452,23.89491391793928,56.0719243102839,59.954767521276544,64.62596990347538
59,1975.4,13,446,373,48.59033619469361,40.6372094184321,0.5417483095754614,0.0,-10.85667955061048,0.0,11,327,352,35.62565007996594,38.34932363348016,12.070837069643588,-70.75923845188058,370.65008582003895,83.5355132957256,33,258,112,28.10831107226671,12.202057519743688,23.42034188162396,56.08849859077655,33.8210588405298,35.45282430405008
60,2007.5,13,446,373,48.59033619469361,40.6372094184321,-0.54664551254941,0.0,-10.921988262725483,0.0,11,332,330,36.17038479066879,35.95249090638765,24.582689632252823,-67.56156887452873,382.4332553531706,128.83799940685626,33,267,131,29.088833551531827,14.272049420414492,26.157192440019433,57.22110774700717,-21.025645736536188,-30.998370284120416
61,2039.2,13,446,373,48.59033619469361,40.6372094184321,-0.533812094010029,0.0,-10.949991672000595,0.0,11,341,309,37.1509072699339,33.664605121435706,35.76528395261386,-62.52222033343571,366.90895171718677,230.2867479326864,35,274,147,29.851462146515807,16.01520049466359,25.355884946389466,58.88572809916439,-29.986131040247074,-6.906917823875449
62,2075.2,14,446,373,48.59033619469361,40.6372094184321,-0.5458263634297049,0.0,-10.938404076747627,0.0,11,355,291,38.67616445990187,31.703560162905475,46.94106725495438,-53.49098361611096,328.1521223024238,262.52169784194353,36,281,165,30.614090741499787,17.976245453193826,24.562186354336628,57.85759452354851,-10.938404076748792,-2.7922777430263595e-12
63,2107.3,13,445,373,48.48138925255304,40.6372094184321,-0.5469180161565645,0.0,10.916527268594121,0.0,11,372,274,40.52826247629153,29.851462146515807,56.05800827174209,-43.106291688672655,248.3346532538278,361.247715740559,34,290,182,31.594613220764906,19.82834346958349,-56.86858112143728,-58.3742404212738,-1642.8175118076836,-2285.541673168399
64,2139.7,14,445,373,48.48138925255304,40.6372094184321,-0.04049608989041938,0.0,20.767225584828672,0.0,11,391,262,42.59825437696234,28.544098840828983,61.91069496533621,-31.59033885140767,153.3977351031597,385.2730825554354,35,296,201,32.248294873608316,21.898335370254298,23.412103556357337,53.88315584170949,-8.69608567681032,-92.64675894139641
65,2175.0,13,445,373,48.48138925255304,40.6372094184321,-0.04004131623615319,0.0,21.074376966397942,0.0,11,413,254,44.995087104054846,27.672523303704434,66.30421310052118,-20.056894856525368,59.8868725987138,407.5001209874256,36,303,218,33.010923468592296,23.750433386643962,23.584134258713657,52.68846429571597,-8.661838320505046,-103.58978412489752
66,2207.5,13,445,373,48.48138925255304,40.6372094184321,0.5436474158711065,0.0,10.85124582577061,0.0,12,435,251,47.391919831147355,27.34568247728273,70.13051664737219,-6.523768990453226,32.553737477311856,368.94235807619754,42,162,23,17.64940462677212,2.5057796692330787,22.28954405071519,51.6465045077547,3222.820010253844,4481.564526043225
67,2244.1,13,446,373,48.59033619469361,40.6372094184321,-0.013158283330059355,0.0,-20.24351281547312,0.0,12,458,251,49.89769950038043,27.34568247728273,67.7032915600632,6.524731492740155,-42.42845167927111,344.9006788267061,35,318,248,34.645127600700825,27.018841650861024,19.913820624418783,46.69982263963269,-58.32082872814278,-44.96498822482571
68,2278.6,13,446,373,48.59033619469361,40.6372094184321,0.5079639947521538,0.0,-10.495123858515555,0.0,11,479,255,52.18558528533238,27.781470245845004,67.85403754589919,20.290439797069922,-29.967481761300707,371.40595340630654,33,325,263,35.407756195684804,28.653045782969553,18.157258167718286,44.96820566055486,-96.1041093821084,-45.44995786663001
69,2307.7,13,446,373,48.59033619469361,40.6372094184321,0.558939147258364,0.0,-10.546021646384228,0.0,11,501,262,54.58241801242489,28.544098840828983,61.862266542297554,28.62338516076319,-197.5886697143302,332.5976449420955,32,331,277,36.06143784852822,30.178302972937512,98.45628113838207,157.4533587540357,-1702.525856807396,-2369.6512676344173
70,2347.2,13,445,373,48.48138925255304,40.6372094184321,0.12749452386458002,0.0,22.97198628190647,0.0,11,520,274,56.652409913095696,29.851462146515807,56.55170875542274,44.627665386668305,-173.89711194130052,394.244498553084,33,334,290,36.38827867494992,31.594613220764906,17.359577387932035,35.94736950751057,8.771978359825578,-163.61800172904663
71,2375.4,13,446,373,48.59033619469361,40.6372094184321,0.0,0.0,0.0,0.0,11,538,289,58.613454871625926,31.485666278624336,49.24838212935566,50.87178757952489,-354.44688634910153,260.44007515681176,30,337,301,36.71511950137163,32.793029584311164,11.666287271765173,29.231274336069454,-38.00685954254227,-279.6932513169518
72,2413.7,13,446,373,48.59033619469361,40.6372094184321,0.0,0.0,0.0,0.0,11,551,307,60.02976511945332,33.446711237154574,35.82456244160998,59.20879239728528,-293.6887661476999,244.4855104639815,30,339,308,36.93301338565277,33.55565817929514,64.67778893681452,26.032021154868378,1065.1958152683856,-109.99661159515547
73,2439.2,13,446,373,48.59033619469361,40.6372094184321,0.6232020713051438,0.0,-12.195735250589866,0.0,11,561,327,61.119234540859004,35.62565007996594,30.096403947233377,63.83551649551519,-401.21820997585974,23.317482074022145,17,349,314,38.02248280705845,34.209339832138554,57.324287431094646,22.02703485933644,860.026066056753,-138.99796888343465
74,2475.9,13,446,373,48.59033619469361,40.6372094184321,0.0,0.0,0.0,0.0,11,567,348,61.772916193702414,37.91353586491788,15.124738464535465,64.69845775071809,-324.63059951796725,14.717540190316555,14,346,315,37.69564198063675,34.31828677427912,62.289435216089544,15.222400552420828,1045.4326892803406,0.9096934333969
75,2507.7,13,446,373,48.59033619469361,40.6372094184321,0.0,0.0,0.0,0.0,11,570,368,62.09975702012412,40.09247470772926,6.031646265369455,67.6774899444951,-340.2030673893326,-64.30045626802783,15,438,326,47.718760657569064,35.516703137825374,70.1954595626739,12.859228232734242,-947.7985679096754,-170.2755782374857
76,2541.4,13,446,373,48.59033619469361,40.6372094184321,0.0,0.0,0.0,0.0,11,570,388,62.09975702012412,42.27141355054063,-6.673540133887001,64.21229260537783,-318.35016734547645,-15.94417268336399,15,444,328,48.372442310412474,35.73459702210651,62.05196821740383,10.143646745955833,-767.5078510604877,-93.55365760150814
77,2575.8,13,446,373,48.59033619469361,40.6372094184321,0.5477448400037702,-0.5477448400037702,10.965862662738134,-10.965862662738134,11,566,408,61.66396925156185,44.450352393352006,-16.429060380891915,61.69807776716269,-307.07708507517304,-74.7852075287626,14,451,329,49.135070905396454,35.84354396424708,69.21868866226828,12.004399010988173,-906.7088965640488,-65.33414871733372
78,2607.4,14,446,373,48.59033619469361,40.6372094184321,-0.5447336179573754,0.0,-10.92745472331743,0.0,11,560,427,61.010287598718435,46.520344294022806,-27.2585577279866,58.415570419135314,-327.60443498490946,-121.49532157268912,14,459,330,50.006646442521,35.95249090638765,22.380019679500172,8.724488619365166,-11.387788823997663,87.33195510069402
79,2639.3,13,446,373,48.59033619469361,40.6372094184321,-0.5357242555527673,0.0,-10.944315741629556,0.0,11,550,445,59.92081817731275,48.48138925255304,-36.98345208738478,53.54473051153922,-300.85130259319055,-201.98355139914048,14,466,333,50.76927503750498,36.279331732809354,22.038593202887125,10.317311532951738,-49.9257549561959,97.10145713155728
80,2675.4,14,447,372,48.69928313683418,40.52826247629153,-0.5411752015616754,-0.003284819221047404,-32.83172695120092,21.898794806969526,11,537,461,58.50450792948536,50.22454032680214,-45.28544148237601,45.364277143681115,-272.36831856908645,-253.2027567981771,14,473,337,51.53190363248897,36.71511950137163,20.217286791823643,13.637779073336343,-77.25499641676804,98.13294515002792
81,2707.3,13,445,373,48.48138925255304,40.6372094184321,-0.025584984900572857,0.0,21.32082075048064,0.0,11,520,475,56.652409913095696,51.7497975167701,-52.06161506591976,37.00744696134079,-168.9532694782165,-307.0957386434173,15,479,342,52.18558528533238,37.25985421207447,17.875216369213494,16.618202146299687,-78.79846363419409,70.70034774083776
82,2739.7,14,445,373,48.48138925255304,40.6372094184321,-0.5422941168410161,0.0,10.813442010787941,0.0,11,502,485,54.69136495456546,52.83926693817579,-58.08930161409279,27.66890067470771,-119.58394694282725,-313.471226226987,15,484,347,52.73031999603522,37.80458892277732,15.195054104108435,19.546389637908636,-86.39972509915697,86.74472025802302
83,2775.3,13,445,373,48.48138925255304,40.6372094184321,-0.5466433270584655,0.5455527670770792,32.72225496928321,-10.911055341541584,11,483,491,52.62137305389465,53.4929485910192,-62.12758184790332,17.45550742650362,-64.81166872875681,-305.5313716738445,14,488,354,53.1661077645975,38.5672175177613,11.99452695582593,21.797027803511106,-87.36482011972268,65.21537777639352
84,2809.6,13,446,373,48.59033619469361,40.6372094184321,0.5215987264587304,0.0,-10.62319198490283,0.0,11,463,495,50.44243421108328,53.92873635958148,-63.12884790719645,5.903470054727211,-47.414919012042176,-300.9976515152075,14,492,361,53.60189553315977,39.32984611274528,7.912909562575267,23.4958892260578,-115.96804284944713,63.76078773830454
85,2840.0,14,445,373,48.48138925255304,40.6372094184321,0.5521555045223524,0.0,11.010079850894346,0.0,11,443,496,48.263495368271904,54.03768330172205,-63.89155813991482,-3.4454244641035445,3.885910535608127,-306.9540008679521,14,494,369,53.81978941744091,40.20142164986983,4.29679727529745,25.134170334089067,-130.91347188610655,24.676629615963446
86,2875.3,13,446,373,48.59033619469361,40.6372094184321,1.0883832127825774,-0.5431043115595475,-0.021724172462361045,-10.862086231190949,11,423,493,46.084556525460535,53.71084247530034,-62.587471209156355,-13.030154298102069,55.61388150369575,-304.1818628182691,14,495,377,53.92873635958148,41.07299718699438,-0.5278821839151714,25.032813893999066,-163.08336267509932,-0.49965596663430756
87,2907.8,13,446,373,48.59033619469361,40.6372094184321,0.0,0.0,0.0,0.0,11,404,487,44.01456462478973,53.05716082245693,-61.17262071968686,-23.44953275197337,87.25661325867338,-296.8231795784889,14,494,385,53.81978941744091,41.94457272411893,-5.388942119547821,24.8010644808137,-154.94543336487163,-37.17880698971195
88,2939.2,13,446,373,48.59033619469361,40.6372094184321,0.018503808629491678,0.0,-21.769186622927855,0.0,11,385,479,41.94457272411893,52.18558528533238,-56.20800613502264,-33.502493722815466,151.02441214367042,-299.0352987028538,14,492,393,53.60189553315977,42.81614826124348,-9.67221280387277,22.926236842539918,-150.71979583910002,-69.19141775203514
89,2975.5,13,447,372,48.69928313683418,40.52826247629153,-0.5512759112737639,0.004357895117199285,-32.70600285461037,21.78947558601625,11,368,467,40.09247470772926,50.87822197964555,-49.529855238800984,-42.546299987164495,205.01717578882733,-284.9627617139161,14,487,400,53.05716082245693,43.57877685622746,-14.185005259132975,20.682653026253686,-109.51390429531644,-86.32990227179643
90,3007.5,13,446,373,48.59033619469361,40.6372094184321,0.0,0.0,0.0,0.0,11,352,452,38.34932363348016,49.24401784753702,-42.59594636475727,-50.155045569867184,285.39482816418786,-238.89422900513927,14,482,406,52.51242611175408,44.23245850907087,-17.444663112476718,18.01808368055796,-86.89450631273957,-98.8890124737937
91,3040.1,13,445,373,48.48138925255304,40.6372094184321,0.012996007901669637,0.0,21.660013169452693,0.0,11,340,434,37.04196032779334,47.28297288900679,-32.39371583720064,-56.57797571190284,321.01305659412895,-158.35780316210835,15,476,411,51.85874445891067,44.77719321977371,-20.128827859118317,14.606413144519014,-56.5471031746867,-95.72084583608967
92,3075.3,13,445,373,48.48138925255304,40.6372094184321,-1.0921993731923385,0.5460996865961693,21.865853317164014,-10.932926658582007,11,332,415,36.17038479066879,45.212980988335985,-22.929630364204975,-61.64260711155472,328.0534629806309,-97.72876382496517,15,469,415,51.09611586392669,45.212980988335985,-21.819947063455423,11.461536945685493,-43.49094148268817,-98.46200315041168
93,3107.5,13,446,373,48.59033619469361,40.6372094184321,0.0,0.0,0.0,0.0,11,326,395,35.516703137825374,43.03404214552461,-12.025446184253399,-64.1422252000701,326.01517544588927,-40.84936359891928,15,462,418,50.33348726894271,45.539821814757694,-23.370514378655145,7.632827046237929,-31.622519010829052,-108.8161202126069
94,3139.8,13,446,373,48.59033619469361,40.6372094184321,0.5463738321994435,0.0,-10.96035771714031,0.0,11,325,375,35.407756195684804,40.85510330271324,-1.0927476643988223,-65.01848603173353,306.8900160799279,-10.960357717142642,15,455,420,49.57085867395873,45.757715699038826,-24.58682244897486,4.370990657595507,-32.88107315142213,-109.60357717140243
95,3175.2,13,445,373,48.48138925255304,40.6372094184321,0.5428323522790917,0.0,10.867514560142016,0.0,11,326,354,35.516703137825374,38.5672175177613,9.751391443154274,-64.25339169726988,326.22124787741444,45.46080415098796,14,447,421,48.69928313683418,45.866662641179396,-24.49928914474624,0.01959089786927006,-10.149540625236215,-130.6059857948589
96,3207.9,14,446,373,48.59033619469361,40.6372094184321,0.0,0.0,0.0,0.0,12,330,334,35.95249090638765,36.38827867494992,20.750639357032547,-61.43915421754337,326.8948950976549,94.69539910741985,15,439,420,47.82770759970963,45.757715699038826,-24.47393696307709,-3.8373501937394434,9.641989440670836,-119.67346624112542
97,3239.5,14,446,373,48.59033619469361,40.6372094184321,-0.5422876174322094,0.0,-10.87838751117774,0.0,11,338,315,36.8240664435122,34.31828677427912,29.89670578330812,-57.80965740721458,314.7640149673539,155.5707614186263,15,431,419,46.956132062585084,45.64876875689826,-23.44923553334517,-8.13976709413975,55.701272060743875,-141.3644820409402
98,3275.4,14,446,373,48.59033619469361,40.6372094184321,0.005398683375080503,0.0,-21.59473350034181,0.0,11,350,297,38.13142974919902,32.357241815748885,39.5204970562839,-51.03029061808512,267.97247693555033,218.47334912615221,15,424,415,46.193503467601104,45.212980988335985,-21.708240213671765,-11.903630873075175,65.8591001277207,-107.38247270702557
99,3307.8,13,446,373,48.59033619469361,40.6372094184321,-0.5469213009691868,0.0,-10.949375394778505,0.0,11,364,282,39.65668693916698,30.723037683640356,48.05469326288642,-43.63994456092032,219.732810725245,261.6451345587071,15,417,411,45.430874872617125,44.77719321977371,-19.641037808630706,-15.294107280030774,87.11274838608357,-109.69103999093305
100,3339.7,13,445,373,48.48138925255304,40.6372094184321,-4.957525311599774e-15,0.0,21.702491651541123,0.0,11,380,269,41.39983801341608,29.306727435812963,54.90838900298114,-35.337082031621634,184.47117903809635,292.9836372958047,15,412,405,44.88614016191428,44.1235115669303,-16.853069892004143,-19.027659555488494,75.95872078039471,-75.95872078039237
101,3376.1,14,445,373,48.48138925255304,40.6372094184321,0.00323275741543679,0.0,21.551716102930808,0.0,11,399,260,43.46982991408689,28.326204956547848,59.069344307533925,-24.875584978940353,120.28665417170028,300.9845583047277,15,407,399,44.341405451211436,43.46982991408689,-13.529389321389493,-21.13985594937799,96.580838149981,-76.05794588885998
102,3407.5,14,445,373,48.48138925255304,40.6372094184321,-0.004366624033563006,0.0,21.83312016781009,0.0,11,418,254,45.539821814757694,27.672523303704434,62.14931736039586,-14.785993814077944,63.00789333713167,317.1703267621036,15,403,392,43.90561768264916,42.70720131910291,-9.836951630562014,-23.436310992524415,109.5589903916237,-53.64303648837805
103,3439.9,13,446,373,48.59033619469361,40.6372094184321,-0.007649310374068792,0.0,-21.855172497330816,0.0,11,439,250,47.82770759970963,27.23673553514216,63.827449604734504,-3.7004008158639032,-6.446017326452643,338.48704565344957,15,400,384,43.57877685622746,41.83562578197836,-5.9515103958944895,-24.561964065530915,141.637277145945,-34.50643910069368
104,3476.5,13,446,373,48.59033619469361,40.6372094184321,0.538206505478501,0.0,-10.894868531953442,0.0,11,459,251,50.006646442521,27.34568247728273,63.41603914925165,6.271730315172766,-33.69910752393695,319.4798897851745,15,399,376,43.46982991408689,40.96405024485381,-2.0825342709321437,-25.161676820156547,131.44416285514535,-4.05800771230624
105,3507.6,13,446,373,48.59033619469361,40.6372094184321,1.0878382071992074,0.0,-0.010845817504973161,0.0,11,478,255,52.07663834319181,27.781470245845004,61.466660436935605,16.302366187264244,-76.6473923073665,303.97572721076773,15,399,368,43.46982991408689,40.09247470772926,2.169159162659676,-25.564740973492718,130.32334313927944,11.11696294255772
106,3539.4,13,445,373,48.48138925255304,40.6372094184321,-0.009815236333712504,0.0,21.81163629713697,0.0,11,497,262,54.14663024386261,28.544098840828983,57.28206131197383,26.04362402668731,-125.1195764978827,259.38280042798175,15,401,360,43.687723798368026,39.22089917060471,7.0313972254769475,-24.54104178827417,119.32569011780238,34.926987387261526
107,3575.3,13,446,373,48.59033619469361,40.6372094184321,0.0,0.0,0.0,0.0,11,515,271,56.10767520239285,29.524621320094102,52.88161712625269,34.26921329461234,-179.54830184851133,247.2707778148158,15,403,353,43.90561768264916,38.45827057562073,10.626588360995024,-22.851433596374576,125.82552605026245,50.82406487388442
108,3607.8,13,447,373,48.69928313683418,40.6372094184321,-0.5531932827455778,0.0,-32.74427374227108,0.0,11,531,284,57.850826276641946,30.940931567921492,46.816678576839934,42.565622959889275,-215.76741527937267,220.24097483763467,15,407,345,44.341405451211436,37.58669503849618,14.74536949114648,-20.688721952273927,120.69881910596546,86.20876602388493
109,3639.8,13,446,373,48.59033619469361,40.6372094184321,-0.0021659259596486682,0.0,-21.659259596458412,0.0,11,544,298,59.267136524469336,32.466188757889455,39.079840959946644,48.8990760155153,-237.47445441899293,195.90508779568322,15,413,339,44.995087104054846,36.93301338565277,17.93226031684053,-17.912766983203692,97.82297704083457,97.11035932728971
110,3677.5,13,446,373,48.59033619469361,40.6372094184321,-0.5573073909431474,0.0,-10.906211173055741,0.0,11,556,315,60.574499830156164,34.31828677427912,30.44474611535812,55.42686345157505,-259.52940873651033,166.77325656801685,15,419,334,45.64876875689826,36.38827867494992,20.66186615597564,-14.43476959937659,70.55955800023926,113.88560238635048
111,3707.5,13,445,373,48.48138925255304,40.6372094184321,-0.5491089839809993,0.0,32.82620551287447,0.0,11,564,333,61.44607536728071,36.279331732809354,20.772071021769857,59.48316082493213,-306.6921144111012,119.12788905490032,15,426,330,46.41139735188224,35.95249090638765,22.375644313476606,-10.382753986367229,32.365871412191765,120.53081202840632
112,3740.0,13,445,373,48.48138925255304,40.6372094184321,-0.5503458808276259,0.0,10.717543930430903,0.0,11,569,352,61.990810077983554,38.34932363348016,11.663134464443578,61.15136590839623,-309.7651961898516,48.651596692958414,15,434,327,47.28297288900679,35.62565007996594,22.558704417676704,-7.128028708993224,-5.4787834113699,118.15387768289968
113,3776.7,13,445,373,48.48138925255304,40.6372094184321,-0.546904543362695,0.0,11.1159460033068,0.0,11,572,373,62.31765090440526,40.6372094184321,0.4129709500546076,63.40297014128013,-345.9499292736424,-5.964653952994927,15,441,326,48.04560148399077,35.516703137825374,23.70440239522703,-3.2635694477350556,-9.218101563719225,111.34020712255187
114,3807.4,13,446,373,48.59033619469361,40.6372094184321,0.559370599911852,0.0,-10.634422051556141,0.0,11,569,393,61.990810077983554,42.81614826124348,-7.7961337247456886,60.296916775099476,-265.24391655017047,-102.83647864113972,15,448,326,48.80823007897475,35.516703137825374,23.403567861618168,-0.21977064263692966,-11.78682139934767,82.93231797620409
115,3842.7,13,445,373,48.48138925255304,40.6372094184321,0.5273287540961215,0.0,10.269303877237048,0.0,11,565,412,61.55502230942128,44.88614016191428,-17.418311769206444,57.72577745699533,-256.57260777606996,-115.36217997243017,15,455,326,49.57085867395873,35.516703137825374,22.761566567314517,4.741843065856416,9.42936081424867,113.00233993832059
116,3875.1,13,445,373,48.48138925255304,40.6372094184321,0.0,0.5379121370981178,0.0,10.933173518254417,11,557,430,60.68344677229673,46.847185120444514,-28.286034863731974,55.52462003850378,-237.36319702283217,-154.16441317660554,15,462,328,50.33348726894271,35.73459702210651,23.57066712370098,8.110629221089043,6.4999049879864605,119.84269265029545
117,3912.6,14,446,373,48.59033619469361,40.6372094184321,0.0,0.0,0.0,0.0,11,548,446,59.702924293031614,48.59033619469361,-36.79981643107451,49.52574212659048,-286.15689535722254,-101.9387047905905,15,470,330,51.20506280606726,35.95249090638765,21.647700087291177,12.797127298364959,-21.594695222838464,164.53722462839502
118,3945.8,14,446,373,48.59033619469361,40.6372094184321,0.506474287449665,0.0,-10.67385221179488,0.0,11,536,461,58.39556098734479,50.22454032680214,-45.174599418547444,43.34845964498879,-281.8616822208438,-163.53826254951952,15,477,336,51.96769140105124,36.60617255923106,19.51137218967883,15.824805844793314,-72.47871828535779,101.99208836307338
119,3975.4,13,445,374,48.48138925255304,40.74615636057267,0.0,-0.006536875360316226,0.0,-21.789584534374722,11,520,474,56.652409913095696,51.64085057462953,-50.175327351704134,35.88123242808486,-199.1132234751166,-237.52826100921467,15,484,341,52.73031999603522,37.1509072699339,16.844590306650336,18.547461045981322,-140.61908379258523,88.26960694875264
120,4007.7,13,446,373,48.59033619469361,40.6372094184321,0.0,0.0,0.0,0.0,11,504,485,54.9092588388466,52.83926693817579,-57.23822806724171,29.26995408891218,-143.6730023539702,-324.0505283887644,15,488,348,53.1661077645975,37.91353586491788,13.755054409566998,21.74501138681141,-144.39154405632428,23.64119994461137
121,4040.7,13,446,373,48.59033619469361,40.6372094184321,-0.5377815186752926,0.0,-11.33364633667639,0.0,11,485,492,52.83926693817579,53.60189553315977,-62.17513638534579,19.255084668913025,-76.42149937659379,-344.2251721412258,14,491,354,53.4929485910192,38.5672175177613,10.361232617987426,22.387044680795825,-120.35878585987817,36.30588499841311
122,4075.1,13,445,373,48.48138925255304,40.6372094184321,0.5439163811424488,-0.5471946241356522,10.911060805264789,10.943892482712995,11,465,496,50.66032809536442,54.03768330172205,-62.18677081486486,8.230867062987137,-41.83850096140776,-317.143060256538,15,493,362,53.71084247530034,39.43879305488585,5.4686679983632835,23.45724749198239,-87.58397153915146,10.221595578851712
123,4107.5,14,446,373,48.59033619469361,40.6372094184321,0.0,0.0,0.0,0.0,11,445,497,48.48138925255304,54.14663024386261,-63.25478898437874,-2.694747488116134,23.100639285091944,-316.52465351560943,14,494,369,53.81978941744091,40.20142164986983,2.1898575555708844,23.445994935150527,-87.37592796764548,10.446646715491188
124,4139.8,13,445,373,48.48138925255304,40.6372094184321,-0.5513408468680251,0.0,11.059996928144956,0.0,11,425,494,46.302450409741674,53.81978941744091,-62.49559090898368,-12.515438721496578,69.95420323859382,-296.9559255461502,14,495,376,53.92873635958148,40.96405024485381,-0.5182606955744462,24.658169413110453,-99.20717405055231,9.529124735484375
125,4175.1,13,446,373,48.59033619469361,40.6372094184321,0.5441894307121485,0.0,-10.905599813870792,0.0,11,406,489,44.23245850907087,53.27505470673806,-58.87944048414443,-21.839626308458907,107.9851075758158,-284.26680717238014,15,494,384,53.81978941744091,41.83562578197836,-4.373165194780738,23.445994935150537,-109.25269232372806,-10.446646715488782
126,4207.5,13,446,373,48.59033619469361,40.6372094184321,0.0,0.0,0.0,0.0,11,388,480,42.27141355054063,52.29453222747295,-54.85695218073416,-30.827719896938437,144.85609678779954,-246.13479466083655,14,492,391,53.60189553315977,42.59825437696234,-8.62942733829655,22.797077023413728,-129.00976990970315,-23.425004950227127
127,4239.5,13,445,373,48.48138925255304,40.6372094184321,0.5422876174322094,0.0,10.87838751117774,0.0,11,371,469,40.41931553415097,51.09611586392669,-49.64262614979144,-39.72331688896799,187.8785903259452,-248.83902264786104,15,490,399,53.38400164887863,43.46982991408689,-12.499879364224116,21.274632230959654,-141.1462596234635,-77.40349147873037
128,4274.9,14,446,373,48.59033619469361,40.6372094184321,0.0,0.0,0.0,0.0,11,357,456,38.894058344183,49.6798056160993,-43.086844896580835,-47.92486234717312,208.49977393848724,-238.48341404434126,15,485,405,52.83926693817579,44.1235115669303,-15.787286134051078,18.543415502256842,-119.48720625884546,-87.80143811204101
129,4308.3,13,446,373,48.59033619469361,40.6372094184321,-0.5560338367900425,0.0,-11.032417396627807,0.0,11,344,440,37.47774809635561,47.9366545418502,-34.67254786684731,-54.21678830792733,255.62811578931976,-217.9340230175136,14,478,411,52.07663834319181,44.77719321977371,-18.61445391386105,15.709700499767871,-69.10583674832219,-117.19754512211107
130,4339.7,13,446,373,48.59033619469361,40.6372094184321,0.5476864011301786,0.0,-10.770627357525656,0.0,11,334,421,36.38827867494992,45.866662641179396,-25.58089288383467,-58.187923506357734,292.3955267590211,-119.7159996553281,14,472,415,51.4229566903484,45.212980988335985,-21.554646512783243,12.484529647495544,-39.58761559727792,-98.04765789181101
131,4375.0,13,446,373,48.59033619469361,40.6372094184321,-0.543375999288047,0.0,-10.856663322438461,0.0,11,327,401,35.62565007996594,43.687723798368026,-15.790490238046614,-62.54798139239613,336.8819375207357,-53.686796649424224,15,465,418,50.66032809536442,45.539821814757694,-23.386892141848104,9.251512699997198,-32.35307361721863,-97.85096552950951
132,4407.2,14,445,373,48.48138925255304,40.6372094184321,-0.017537701525230515,0.0,21.922126906533045,0.0,11,324,381,35.29880925354424,41.50878495555665,-5.189832120462043,-63.94273955943522,340.5845383337415,21.25149012554386,15,458,420,49.89769950038043,45.757715699038826,-23.47079379363458,4.9969174036845105,-29.10123867682542,-99.44114236188081
133,4441.4,13,446,373,48.59033619469361,40.6372094184321,0.0,0.0,0.0,0.0,11,324,361,35.29880925354424,39.32984611274528,6.5080222813964665,-63.05745695489711,338.6549189682394,23.95329663587059,14,450,422,49.026123963255884,45.975609583319965,-23.943896485715804,1.4472955012810218,-7.398617892054887,-119.00709424613471
134,4475.2,13,445,373,48.48138925255304,40.6372094184321,0.001086208623113126,0.0,21.724172462381798,0.0,11,328,341,35.73459702210651,37.1509072699339,16.87724223662271,-60.91459476866266,315.1686108758588,86.28932406925425,14,442,422,48.154548426131335,45.975609583319965,-23.931354349759268,-2.1821936661370924,21.485564477275272,-130.36672640929913
135,4507.7,14,446,373,48.59033619469361,40.6372094184321,0.5393144648252074,0.0,-10.84049175528055,0.0,11,335,323,36.49722561709049,35.18986231140367,26.290208075373908,-57.14008223629272,285.8839232749342,114.12477501162017,15,435,420,47.391919831147355,45.757715699038826,-23.40842131924814,-6.052303745547649,30.342481948197356,-120.44385563278901
136,4540.0,13,446,373,48.59033619469361,40.6372094184321,-0.5400823884248674,0.0,-10.955018020788346,0.0,11,345,305,37.58669503849618,33.228817352873435,34.9129807980503,-53.31521284750266,237.5105681849801,173.65814570478727,15,428,418,46.629291236163375,45.539821814757694,-22.507643385176507,-10.867877852089451,36.53154082388644,-130.79358229281917
137,4575.3,13,446,373,48.59033619469361,40.6372094184321,-0.001088381040369238,0.0,-21.767620807306514,0.0,11,358,289,39.00300528632357,31.485666278624336,42.47789004030982,-46.268994251019706,196.33284374326254,206.33006689264158,15,421,414,45.866662641179396,45.104034046195416,-20.142400850027535,-14.706480384126603,54.217802150731046,-119.86877245162927
138,4607.2,13,446,373,48.59033619469361,40.6372094184321,-0.537705628184462,0.0,-10.808153330340943,0.0,11,372,276,40.52826247629153,30.069356030796943,49.413987933504174,-39.32806093549096,178.91567186336255,243.905803898968,15,415,409,45.212980988335985,44.559299335492575,-18.00524560507005,-17.350108033143282,78.26406507045766,-106.64768783646998
139,4640.1,13,445,373,48.48138925255304,40.6372094184321,-0.005409448510752195,0.0,21.63779404304835,0.0,11,388,264,42.27141355054063,28.76199272511012,54.78642338017702,-29.929311549156754,159.56121167769018,293.5926294869372,15,409,402,44.559299335492575,43.796670740508596,-15.22661000326874,-20.6117496868667,108.94365162182261,-63.8891716487834
140,4675.3,13,445,373,48.48138925255304,40.6372094184321,-0.5441894307121546,0.0,10.905599813870813,0.0,11,406,256,44.23245850907087,27.890417187985573,58.90345684413521,-20.69011489433028,132.17849233324526,305.24752024114684,15,405,395,44.1235115669303,43.03404214552461,-11.985267308389597,-22.359799379179936,108.92486868202772,-33.197607449437285
141,4707.9,14,445,373,48.48138925255304,40.6372094184321,0.010851516031756608,0.0,21.70303206353299,0.0,11,426,251,46.41139735188224,27.34568247728273,61.46234621792381,-10.710717069761584,60.376448979132846,324.46249532108027,15,402,388,43.796670740508596,42.27141355054063,-8.095434019503797,-23.93252909855526,118.55443712549618,-24.085600453738305
142,4740.7,13,446,373,48.59033619469361,40.6372094184321,0.5393241759834676,0.0,-10.808099719107545,0.0,11,446,250,48.59033619469361,27.23673553514216,62.51710493337407,0.12153589006773656,-5.86972950677437,303.83972516961666,15,400,380,43.57877685622746,41.39983801341608,-4.305912272862867,-24.469254024367146,108.16763526497533,-12.8007754188202
143,4775.1,13,445,373,48.48138925255304,40.6372094184321,0.5466477037945355,0.0,10.954863803497686,0.0,11,466,251,50.76927503750498,27.34568247728273,61.705494276413106,10.391781059793496,-76.02543757817753,317.6361662142383,15,399,373,43.46982991408689,40.6372094184321,-0.5400780785576447,-24.028410341090748,120.43764093384263,-0.24148998364511348
144,4807.6,13,446,373,48.59033619469361,40.6372094184321,0.5471946241356436,0.0,-10.94389248271287,0.0,11,485,256,52.83926693817579,27.890417187985573,58.93638549998275,20.141297317236592,-111.0476770220821,294.4344833549067,15,400,365,43.57877685622746,39.76563388130755,3.256941800868315,-23.46380397796868,109.17627140754351,33.48831099709979
145,4840.5,13,446,373,48.59033619469361,40.6372094184321,0.0,0.0,0.0,0.0,11,503,264,54.80031189670603,28.76199272511012,55.25276671968935,29.099081549891917,-139.70819060714717,276.8726127026105,15,401,357,43.687723798368026,38.894058344183,7.153581384624075,-22.43025617666339,121.4815362277485,53.66245573352445
146,4874.8,13,446,373,48.59033619469361,40.6372094184321,0.005452832656681106,0.0,-21.811330626724473,0.0,11,519,275,56.543462970955126,29.960409088656377,49.63717331713475,37.00642596915026,-166.06725969922215,216.25841571869677,15,404,351,44.01456462478973,38.24037669133959,10.873016511927487,-21.26917939830297,108.51109708993172,55.59216085200589
147,4907.6,13,446,373,48.59033619469361,40.6372094184321,0.0,0.0,0.0,0.0,11,534,288,58.177667103063655,31.376719336483767,43.01179550671453,44.0610361055544,-207.44412284328226,183.9602924114495,15,408,345,44.450352393352006,37.58669503849618,14.138108817855986,-19.59524700941318,108.4470689322099,43.88282837401031
148,4939.7,13,446,373,48.59033619469361,40.6372094184321,-0.5384961352648121,0.0,-10.856776920661552,0.0,11,547,303,59.593977350891045,33.010923468592296,35.62732553455333,49.55719360344509,-255.96602683511207,135.58932386096214,15,413,339,44.995087104054846,36.93301338565277,16.863855668392905,-16.94909340598484,74.29012271920404,56.84485819144662
149,4975.0,13,445,373,48.48138925255304,40.6372094184321,0.00326514964487353,0.0,21.767664299143483,0.0,11,557,319,60.68344677229673,34.754074542841394,27.726896911616972,53.91998610609802,-271.2636066783791,121.33759499882406,15,419,334,45.64876875689826,36.38827867494992,19.61053282458963,-14.689125007984165,65.89042611689791,75.74625013240156
150,5007.8,14,446,373,48.59033619469361,40.6372094184321,0.0,0.0,0.0,0.0,11,564,337,61.44607536728071,36.71511950137163,18.46447569580704,57.212854835696035,-282.5223404482852,78.55105948758576,15,426,329,46.41139735188224,35.84354396424708,21.798278534152814,-11.415552017412558,44.45053019547165,119.38453673578273
151,5040.2,13,445,373,48.48138925255304,40.6372094184321,0.005420245877640248,0.0,21.680983510561102,0.0,11,568,355,61.881863135842984,38.67616445990187,9.715851561371993,59.24230071455518,-259.68519651178013,57.14912611137791,15,432,326,47.06507900472565,35.516703137825374,23.379020837575094,-7.5748409228814815,55.364905523227605,129.70743002951568
152,5074.9,13,446,373,48.59033619469361,40.6372094184321,0.007588389532522397,0.0,-21.681112950041406,0.0,11,570,374,62.09975702012412,40.74615636057267,0.6382443857495758,59.77284682523469,-271.05175920485397,-4.163206227319019,15,440,324,47.9366545418502,35.29880925354424,24.44114566238816,-3.8530511481126895,30.818539604794534,141.19216548064185
153,5107.6,13,446,373,48.59033619469361,40.6372094184321,-0.5220511188032699,0.5220511188032699,-10.461946268602583,10.461946268602583,11,568,393,61.881863135842984,42.81614826124348,-7.703336502649089,58.687595861154435,-241.88271362899087,-48.99713112168633,15,448,324,48.80823007897475,35.29880925354424,24.19316688284635,0.8848143883566751,3.54322428736457,127.11579203714736
154,5140.2,13,446,373,48.59033619469361,40.6372094184321,-0.0021833054537169208,0.0,-21.833054537188243,0.0,11,565,412,61.55502230942128,44.88614016191428,-17.477377640946596,57.791061622720015,-284.17938753459157,-86.1739079480809,15,456,325,49.6798056160993,35.407756195684804,24.534373796574798,4.919537930946524,-32.25784634323351,120.18014704704439
155,5175.5,13,445,373,48.48138925255304,40.6372094184321,-0.06286913735485102,0.0,20.280366888662215,0.0,11,558,429,60.7923937144373,46.738238178303945,-24.999815565378988,53.43298577143919,-238.6512219309009,-121.87776899724288,15,464,327,50.55138115322385,35.62565007996594,22.785422448275447,8.600271913922752,-63.73550211200543,106.38880990773579
156,5210.4,14,445,374,48.48138925255304,40.74615636057267,-0.5164188869816606,0.5164188869816606,10.57152276318642,-10.57152276318642,11,549,446,59.811871235172184,48.59033619469361,-35.54029687873583,49.09635312094346,-299.6923909641402,-137.60292218981232,15,471,331,51.31400974820783,36.06143784852822,21.025487920963652,12.76278572925715,-65.17121965473262,103.97314455624876
157,5240.0,13,445,373,48.48138925255304,40.6372094184321,0.005496740820037393,0.0,21.986963280149247,0.0,11,536,461,58.39556098734479,50.22454032680214,-43.286831749158374,43.17689693275763,-233.04414168808836,-206.69512391489235,15,477,335,51.96769140105124,36.49722561709049,18.582949024044275,15.343698952841478,-87.00918316639607,88.72087543582
158,5282.3,13,446,373,48.59033619469361,40.6372094184321,0.47591193431704754,0.0,-10.190833711285855,0.0,11,521,475,56.76135685523626,51.7497975167701,-51.21104957826875,34.337248241005554,-252.19585696216492,-235.72031209701933,15,483,341,52.62137305389465,37.1509072699339,15.264976383234584,18.48580137973907,-77.09682120336625,78.73346473301896
159,5308.1,13,445,374,48.48138925255304,40.74615636057267,0.0,-0.5367797122850668,0.0,-10.98832573766761,11,504,484,54.9092588388466,52.73031999603522,-55.46675368972632,27.896232380020486,-108.21870035603051,-296.3811257308189,15,487,347,53.05716082245693,37.80458892277732,13.327869627796174,19.23244646293184,-92.40540865985129,28.466174454491007
160,5339.3,13,446,373,48.59033619469361,40.6372094184321,0.5695613701464252,0.0,-10.626144965418398,0.0,11,486,491,52.94821388031636,53.4929485910192,-56.33442476521892,18.552965117966192,-29.747258433976736,-289.2551643991336,15,490,353,53.38400164887863,38.45827057562073,10.336545839050627,20.51497275765059,-79.0815154236066,15.433682566377476
161,5375.7,13,446,373,48.59033619469361,40.6372094184321,-0.5151515536052297,0.0,-11.031082518313312,0.0,11,467,495,50.87822197964555,53.92873635958148,-61.63618538165635,9.567834224478956,28.959544255791688,-294.6739923253938,15,493,360,53.71084247530034,39.22089917060471,7.617250657068241,22.869746572194796,-86.66604231197365,15.141164655754991
162,5408.3,13,445,373,48.48138925255304,40.6372094184321,0.5543897794110464,-0.5400977340999737,11.065664259701546,10.922097757330146,11,448,496,48.80823007897475,54.03768330172205,-60.73691097720559,-0.1715045437328698,3.025940126903313,-263.8531442043789,14,495,366,53.92873635958148,39.87458082344812,3.7663920933887085,23.567211653764403,-98.44244631834202,58.05608484356424
163,5446.5,14,446,373,48.59033619469361,40.6372094184321,0.0,0.0,0.0,0.0,11,429,494,46.738238178303945,53.81978941744091,-60.084607489355896,-11.356157478852193,-40.21883716559377,-268.7508541982253,14,496,374,54.03768330172205,40.74615636057267,-0.7903335335284393,24.027365484421146,-128.50951764689873,50.09603248531197
164,5477.1,13,445,373,48.48138925255304,40.6372094184321,0.013953603081618615,0.0,21.467081664010458,0.0,11,411,490,44.77719321977371,53.38400164887863,-58.37035231799428,-19.099781921349074,35.45530907087555,-270.76222356864724,14,496,382,54.03768330172205,41.61773189769722,-4.423472223360776,23.244182083077447,-150.82356085230546,-7.755848859252928
165,5507.2,13,446,373,48.59033619469361,40.6372094184321,0.5560338367900425,0.0,-11.032417396627807,0.0,11,393,484,42.81614826124348,52.73031999603522,-55.204271751364416,-27.54792818036268,108.85756292347428,-289.76512953940085,15,494,390,53.81978941744091,42.48930743482177,-8.585080813283195,23.514938253185587,-151.33455887219284,-59.113180911892
166,5541.4,13,446,373,48.59033619469361,40.6372094184321,-0.5353306047887915,0.0,-11.281993778478263,0.0,11,375,473,40.85510330271324,51.53190363248897,-52.05693939215733,-36.95857642424445,209.40046197483676,-270.8154038711605,14,490,397,53.38400164887863,43.25193602980575,-12.089109277752119,22.608595419080103,-109.61009761598268,-79.99634998459626
167,5577.2,13,446,373,48.59033619469361,40.6372094184321,0.045826570120651444,0.0,-20.83025914574806,0.0,11,359,460,39.11195222846414,50.11559338466157,-44.20847335039077,-42.690221835735024,247.49931565646898,-200.57523725824728,14,485,403,52.83926693817579,43.90561768264916,-14.78596748736711,18.8147019925836,-56.21930156540464,-80.74525184991543
168,5608.0,13,446,373,48.59033619469361,40.6372094184321,0.0,0.0,0.0,0.0,11,347,445,37.80458892277732,48.48138925255304,-36.21213558447475,-50.83249519086135,267.9705356259232,-172.23024765303242,14,479,409,52.18558528533238,44.559299335492575,-17.844046002222257,16.216103159239385,-32.37506789247075,-85.70497571402446
169,5640.8,13,445,373,48.48138925255304,40.6372094184321,-0.5474709617394395,0.0,11.037721002811303,0.0,11,337,427,36.71511950137163,46.520344294022806,-27.40006532154233,-56.515465923371984,286.71370443592525,-122.68337880745948,15,474,414,51.64085057462953,45.104034046195416,-19.75315001357058,13.704452199866257,-44.595953406520756,-99.16146126719052
170,5681.7,13,445,373,48.48138925255304,40.6372094184321,-0.49259514596114434,0.0,10.525537306862018,0.0,11,329,409,35.84354396424708,44.559299335492575,-16.005861844381847,-61.34857267767337,292.2635839800656,-156.52238651090738,15,468,417,50.98716892178612,45.430874872617125,-21.268195869589537,9.352346974551237,-67.84248565416323,-100.35245184448387
171,5708.7,13,446,373,48.59033619469361,40.6372094184321,0.0,0.0,0.0,0.0,11,326,390,35.516703137825374,42.48930743482177,-7.912108645476049,-62.308301419448355,294.095540620328,-55.6904321600167,14,461,420,50.22454032680214,45.757715699038826,-21.889572804050427,6.45035994831406,-47.97303144870462,-108.2521883559923
172,5740.0,13,445,373,48.48138925255304,40.6372094184321,1.0834661234745615,-0.5417330617372808,21.844075070051684,-10.922037535025842,11,325,370,35.407756195684804,40.3103685920104,1.5067060880752228,-62.320411249448426,296.08410624184904,5.64819078172477,14,454,422,49.46191173181816,45.975609583319965,-23.492010149930564,2.787660706777449,-30.78429127815631,-120.93514141605205
173,5775.3,13,445,373,48.48138925255304,40.6372094184321,0.5275266886709647,0.0,11.271937792114588,0.0,11,327,350,35.62565007996594,38.13142974919902,10.931254310749605,-63.413770595693826,283.31582104410853,112.39422586944461,15,447,421,48.69928313683418,45.866662641179396,-25.280165579268996,-0.23391438598986605,-17.88336284326078,-104.48219261152181
174,5807.5,13,446,373,48.59033619469361,40.6372094184321,0.0,0.0,0.0,0.0,11,332,331,36.17038479066879,36.06143784852822,20.019078329177297,-59.16310591866018,271.31310259127713,119.35835727718603,15,439,421,47.82770759970963,45.866662641179396,-24.067690871454126,-4.826285611561046,3.8815725943788553,-120.01998896941426
175,5840.1,14,447,372,48.69928313683418,40.52826247629153,0.5903105025051811,-0.03676962974206235,-31.697334230279026,21.01121699546973,11,340,313,37.04196032779334,34.100392889997984,28.457191569267774,-53.772993197402755,242.38713214361456,165.12939267573051,15,431,419,46.956132062585084,45.64876875689826,-22.550093690951627,-8.378648777563022,49.60380094806498,-102.16794518415631
176,5875.2,13,446,373,48.59033619469361,40.6372094184321,0.5466411489329205,0.0,-10.889265914998356,0.0,11,350,297,38.13142974919902,32.357241815748885,36.92719972523455,-48.99675360659491,237.12352659322963,176.23474288128543,15,423,416,46.084556525460535,45.321927930476555,-21.778748747644205,-11.933776991247182,87.98179791082424,-129.7492909772141
177,5907.9,13,446,373,48.59033619469361,40.6372094184321,0.0,0.0,0.0,0.0,11,363,282,39.54773999702642,30.723037683640356,43.69283905033201,-42.07589423889009,200.27575639587027,221.02434550707977,15,417,411,45.430874872617125,44.77719321977371,-18.880546949194787,-15.426946366494064,99.44798760999082,-91.14855196550711
178,5943.7,13,446,373,48.59033619469361,40.6372094184321,-0.5114679195941627,0.5114679195941627,10.427480521797367,-10.427480521797367,11,379,270,41.29089107127552,29.415674377953533,50.75029418744586,-33.401655847465,187.98164426909233,228.1396681338807,15,412,406,44.88614016191428,44.23245850907087,-15.992584889992905,-18.628045024886028,76.98903304727776,-95.69684723520783
179,5975.6,13,446,373,48.59033619469361,40.6372094184321,-0.5474622066767566,0.0,-10.905621646947283,0.0,11,395,260,43.03404214552461,28.326204956547848,55.54757313256988,-25.489342333963425,133.80024646125713,292.0403820715306,15,407,399,44.341405451211436,43.46982991408689,-13.034711823012247,-20.692658895409902,86.20220457188321,-44.730428229213686
180,6010.8,13,446,373,48.59033619469361,40.6372094184321,-0.574632934902815,0.0,-11.16876452677963,0.0,11,414,253,45.104034046195416,27.563576361563864,59.585876486100375,-14.930545521380088,108.62681767154062,306.5820435601672,15,404,392,44.01456462478973,42.70720131910291,-10.140800774173464,-21.84937318144938,70.42074271112246,-33.67995755743336
181,6041.8,14,446,373,48.59033619469361,40.6372094184321,-0.5510649357393949,0.0,-11.234759138417795,0.0,11,433,250,47.17402594686622,27.23673553514216,61.47231939769468,-6.174348193363804,30.61214187257462,326.95325040029053,15,401,385,43.687723798368026,41.94457272411893,-6.67472787399945,-23.814057832035804,112.97747084657387,-10.032261982931868
182,6075.4,13,445,373,48.48138925255304,40.6372094184321,-0.001092745472345576,0.0,21.85490944663496,0.0,11,452,250,49.24401784753702,27.23673553514216,61.64807083891639,3.8041211331433433,-11.545783408220137,295.0029739827175,15,399,378,43.46982991408689,41.18194412913495,-2.733776669397897,-22.913239182120087,120.22936163281469,0.2298212811135446
183,6108.2,13,445,373,48.48138925255304,40.6372094184321,-0.022506071777816626,0.0,22.50607177780633,0.0,11,472,253,51.4229566903484,27.563576361563864,60.43278474281662,13.561337747638373,-91.23650439194604,278.466894202021,15,398,371,43.36088297194632,40.41931553415097,0.40741707923864107,-23.255674923366612,146.17510643491744,4.803125074533219
184,6140.4,14,445,373,48.48138925255304,40.6372094184321,-0.006683096136687862,-0.5474620266000607,22.27698712224558,-11.104706421907986,11,490,259,53.38400164887863,28.217258014407278,57.31698724619702,22.5060909558325,-114.89879808956596,254.80007919801508,15,400,363,43.57877685622746,39.54773999702642,3.8255510900637013,-23.140433232209507,100.00993207560076,23.696046969266526
185,6175.3,13,446,373,48.59033619469361,40.6372094184321,0.5455527670770755,0.0,-10.911055341541507,0.0,11,508,267,55.34504660740887,29.088833551531827,52.87390544723926,30.50842311704211,-164.11318339212193,239.61768635559318,15,402,357,43.796670740508596,38.894058344183,8.170204786379486,-21.801390043436594,98.06856540977435,22.02942073457188
186,6207.6,13,446,373,48.59033619469361,40.6372094184321,0.5504926553159214,0.0,-10.976922339300604,0.0,11,523,278,56.9792507395174,30.287249915078082,46.998146628248655,37.55125732901289,-179.07814580056706,204.2276647793548,15,405,350,44.1235115669303,38.13142974919902,11.963314818841509,-21.29218523959037,86.33792655507861,34.70370960909317
187,6239.6,13,446,372,48.59033619469361,40.52826247629153,0.07527948258614195,-0.07527948258614195,-20.62451577702725,20.62451577702725,11,537,291,58.50450792948536,31.703560162905475,40.53833650848948,41.87582432482674,-223.3804506545356,135.7187387252528,15,408,343,44.450352393352006,37.36880115421504,13.922308158387807,-18.279014026602677,103.55371849544821,74.31643701474142
188,6275.3,13,446,373,48.59033619469361,40.6372094184321,0.0,0.0,0.0,0.0,11,549,306,59.811871235172184,33.337764295014004,33.23922138251548,49.08839734223305,-228.58049790235336,131.9817981482257,15,414,338,45.104034046195416,36.8240664435122,17.457727891863144,-16.896072017521256,87.68189669989881,76.07693978373489
189,6307.9,13,446,373,48.59033619469361,40.6372094184321,-0.5480129536960364,0.0,-10.927476643988841,0.0,11,558,322,60.7923937144373,35.0809153692631,26.075831139799156,53.41764694635807,-238.11657979164926,112.15099159841787,15,420,332,45.757715699038826,36.17038479066879,19.63041320265272,-14.130673039611468,66.54539116797753,108.09812887503361
190,6346.1,13,445,373,48.48138925255304,40.6372094184321,0.14223195479173548,0.4782412718377114,21.88183919872854,-10.22975982540559,11,565,339,61.55502230942128,36.93301338565277,15.872648517973575,57.081608512829256,-239.8249576180635,149.8358939132923,15,427,329,46.520344294022806,35.84354396424708,22.736995150764177,-9.797743938875092,61.98030953039904,84.95624068906297
191,6375.1,14,446,373,48.59033619469361,40.6372094184321,0.0,0.0,0.0,0.0,11,569,357,61.990810077983554,38.894058344183,8.768119838973758,58.27618560218874,-261.8223386415681,52.14221507733908,15,434,326,47.28297288900679,35.516703137825374,23.417243107036512,-6.563016193878738,31.74726592882582,130.99832722312874
192,6407.6,14,445,373,48.48138925255304,40.6372094184321,-0.5469213009691778,0.0,10.949375394778375,0.0,11,571,376,62.20870396226469,40.96405024485381,0.028439879153369468,59.494099239991016,-284.3987915352432,9.743738464429024,15,441,324,48.04560148399077,35.29880925354424,24.014220533372303,-1.6517023179665213,21.394575345955364,142.23227677481296
193,6439.6,13,446,373,48.59033619469361,40.6372094184321,0.07573851592659928,0.0,-23.30415874664589,0.0,11,569,394,61.990810077983554,42.925095203384046,-8.646460124016293,60.494284145746825,-284.64795451006194,-76.83748465302328,15,449,324,48.91717702111532,35.29880925354424,24.30300088403667,0.674179677746156,-28.482860690345646,139.04212544187277
194,6475.3,13,446,373,48.59033619469361,40.6372094184321,0.0,0.0,0.0,0.0,11,565,413,61.55502230942128,44.995087104054846,-18.27627755411576,56.327514386938866,-277.98599255782443,-91.0378481162594,15,457,326,49.78875255823987,35.516703137825374,22.751372803370828,4.827589629935863,-45.03809035329086,96.35907444981781
195,6507.5,13,445,373,48.48138925255304,40.6372094184321,0.0,0.5340022804850486,0.0,10.69073634604706,11,558,431,60.7923937144373,46.956132062585084,-26.896048788924016,52.09317370017568,-254.63001062847002,-157.91041593821035,15,464,329,50.55138115322385,35.84354396424708,22.24074731430611,8.085393732149427,-56.899544696630144,52.704581085366854
196,6539.6,13,445,373,48.48138925255304,40.6372094184321,-0.5444622070956917,0.5455527670770829,10.900144286200076,10.911055341541656,11,548,446,59.702924293031614,48.59033619469361,-33.80136979916964,47.951934383750526,-218.45023899300492,-174.00951058690282,15,470,331,51.20506280606726,36.06143784852822,21.253656156396843,11.448974188748895,-32.50403386245104,76.45376477818195
197,6576.4,14,446,373,48.59033619469361,40.6372094184321,0.5576946292180261,-0.5576946292180261,11.032534702631635,-11.032534702631635,11,535,461,58.286614045204225,50.22454032680214,-41.63220599264276,41.18065449588658,-184.05017833291984,-208.60329710732816,15,476,335,51.85874445891067,36.49722561709049,18.484979702392337,13.716589982072472,-39.36137751967667,79.48662984566504
198,6608.8,13,445,374,48.48138925255304,40.74615636057267,0.562484339933156,-0.032822626950529066,11.105317668966537,-21.88175130035262,11,521,472,56.76135685523626,51.4229566903484,-47.72170037701461,34.65327005075002,-156.5378390870394,-186.41147250059785,15,482,339,52.51242611175408,36.93301338565277,16.28372291288502,17.1087882684224,-60.71199333734971,125.44733473443493
199,6639.5,13,445,374,48.48138925255304,40.74615636057267,0.0,0.00326514964487353,0.0,-21.767664299143483,11,507,482,55.2360996652683,52.51242611175408,-51.70294460195345,27.80199535344906,-139.93964694861424,-229.39267220191667,15,488,345,53.1661077645975,37.58669503849618,13.629581500585,19.04484442479639,-120.13009338102974,75.61570941696364
200,6675.2,14,447,372,48.69928313683418,40.52826247629153,0.012141862140953218,-0.012141862140953218,-22.07611298354402,22.07611298354402,11,489,489,53.27505470673806,53.27505470673806,-55.8691812620384,19.31911867057817,-104.14770161436002,-233.93791393130272,14,491,351,53.4929485910192,38.24037669133959,10.485093191599965,21.342461642673175,-122.57964496599853,74.88324182641358
201,6707.1,14,446,373,48.59033619469361,40.6372094184321,0.5635759926600143,-0.5635759926600143,-11.08310703362862,11.08310703362862,11,471,495,51.31400974820783,53.92873635958148,-58.190629107328014,11.382677858847178,-56.46172816247028,-287.04920281787196,15,494,360,53.81978941744091,39.22089917060471,7.289435236031149,22.89208565219138,-122.28470405540409,-7.781060395289999
202,6739.7,13,445,373,48.48138925255304,40.6372094184321,0.5436474158711065,-0.5436474158711065,10.85124582577061,10.85124582577061,11,453,497,49.35296478967759,54.14663024386261,-60.34486316169233,1.6309422476133189,-32.553737477311856,-292.9836372958036,15,495,366,53.92873635958148,39.87458082344812,2.718237079355497,23.37683888245737,-97.66121243193479,10.851245825770599
203,6775.1,14,446,373,48.59033619469361,40.6372094184321,-1.0916549189265585,1.0916549189265585,-0.021920671461096292,0.021920671461096292,11,433,496,47.17402594686622,54.03768330172205,-59.49191155697921,-7.125290693682095,31.62056858251249,-295.47969095878983,14,495,374,53.92873635958148,40.74615636057267,-0.5556720330164577,24.014220533372256,-98.45669586716193,-21.394575345951715
204,6808.8,13,446,373,48.59033619469361,40.6372094184321,0.0,0.0,0.0,0.0,11,414,492,45.104034046195416,53.60189553315977,-57.975496257903224,-17.17645951522498,60.6924626644331,-274.5857504578844,15,495,381,53.92873635958148,41.50878495555665,-3.9257003522080707,22.79534929746699,-98.26860151468911,5.878673871703115
205,6839.9,13,446,373,48.59033619469361,40.6372094184321,0.5452702439781854,0.0,-10.818854047186198,0.0,11,396,485,43.14298908766518,52.83926693817579,-54.78752694776837,-25.401181710361403,143.47861200673225,-246.5797151587827,14,493,388,53.71084247530034,42.27141355054063,-6.478522997277303,22.77191038616184,-85.90685296991788,-22.925666909513673
206,6874.8,13,445,374,48.48138925255304,40.74615636057267,-0.5636221561882592,0.06688191919578931,10.614353223884372,-20.579052060242862,11,380,476,41.39983801341608,51.85874445891067,-49.24484352068367,-32.13553307744865,173.9374662478896,-206.23028664936663,14,490,395,53.38400164887863,43.03404214552461,-9.275733861843339,20.777389545817723,-76.46931875323722,-43.5368386471182
207,6907.9,13,446,373,48.59033619469361,40.6372094184321,0.0,0.0,0.0,0.0,11,364,464,39.65668693916698,50.55138115322385,-44.430306400170814,-40.97809724624523,212.67161115458777,-205.77020778672463,15,487,402,53.05716082245693,43.796670740508596,-13.104539554058759,19.736042750523044,-86.9753783410271,-67.6204810754158
208,6940.7,13,446,373,48.59033619469361,40.6372094184321,-0.5501973847370198,0.0,-10.916614776528153,0.0,11,352,450,38.34932363348016,49.026123963255884,-37.39065322272608,-47.41140380520036,201.6974539663285,-190.13104069119572,15,483,408,52.62137305389465,44.450352393352006,-15.82550453825344,17.345877073344507,-99.54912998595748,-84.7337242178142
209,6981.0,13,445,373,48.48138925255304,40.6372094184321,0.6100429056676487,-0.483030956261552,11.488566961725985,10.222877381196868,11,341,434,37.1509072699339,47.28297288900679,-29.208936690550285,-53.83965997470539,203.386579517335,-202.51033288465945,15,477,413,51.96769140105124,44.995087104054846,-18.48026054475297,14.184943363716672,-96.87393327895948,-80.61469020600916
210,7007.8,13,446,373,48.59033619469361,40.6372094184321,0.0,0.0,0.0,0.0,11,333,417,36.279331732809354,45.430874872617125,-21.353920922634625,-55.338649499910815,249.31808809538342,-81.72833583020252,15,471,417,51.31400974820783,45.430874872617125,-20.167098109553667,11.422104641023534,-54.41718533254394,-98.82472632197089
211,7040.3,13,445,373,48.48138925255304,40.6372094184321,-0.0032848192210374627,0.0,21.898794806969523,0.0,11,327,398,35.62565007996594,43.36088297194632,-13.149160979311295,-59.516952864810776,285.0794987126813,-52.952273758811906,14,464,420,50.55138115322385,45.757715699038826,-22.929732438074062,7.6618581216105675,-43.10604872529957,-109.72448766439267
212,7075.5,13,446,373,48.59033619469361,40.6372094184321,0.06231771322211503,0.0,-23.080634526710828,0.0,11,324,379,35.29880925354424,41.29089107127552,-4.770334394773641,-62.272273222894135,313.832516689578,24.04232763198786,14,457,422,49.78875255823987,45.975609583319965,-24.042087208713863,4.2717926889967295,-20.83668394772608,-129.1874404758944
213,7112.0,13,446,373,48.59033619469361,40.6372094184321,0.0,0.0,0.0,0.0,11,325,360,35.407756195684804,39.22089917060471,7.192422464882008,-60.440590676153384,298.59637231760473,-16.197598454684275,15,449,423,48.91717702111532,46.084556525460535,-23.421067946145115,-0.5287619650067861,-8.039049534854447,-130.5585098782276
214,7140.2,13,446,373,48.59033619469361,40.6372094184321,0.01719109330265751,0.0,-21.48886662831698,0.0,11,328,341,35.73459702210651,37.1509072699339,15.457394696427611,-57.94891940564357,287.624318619431,84.34433500340113,14,441,422,48.04560148399077,45.975609583319965,-23.289490143698153,-3.160142696799842,35.903692256349004,-106.93218537685755
215,7175.4,14,445,373,48.48138925255304,40.6372094184321,0.0010927454723257545,0.0,21.85490944663496,0.0,11,334,323,36.38827867494992,35.18986231140367,24.563558442104146,-55.0948745997624,273.4326051698393,119.64933649477413,15,434,420,47.28297288900679,45.757715699038826,-22.91105369117544,-6.551010748209308,43.47999761215912,-87.48530100971273
216,7208.1,13,446,373,48.59033619469361,40.6372094184321,-0.5347082357719357,0.0,-11.128163075378433,0.0,11,344,306,37.47774809635561,33.337764295014004,32.901832654704364,-52.0565122137884,236.4589906339512,190.68414293678524,15,428,417,46.629291236163375,45.430874872617125,-21.75920586227152,-9.883486720227973,42.62514909517892,-64.12878991825835
217,7241.7,13,445,373,48.48138925255304,40.6372094184321,0.0360704412492752,0.0,21.86087348440796,0.0,11,356,291,38.78511140204243,31.703560162905475,40.717613036234084,-44.435153641313654,210.11397379054895,181.936763801129,15,421,414,45.866662641179396,45.104034046195416,-19.578497581550952,-13.244707407696755,37.2193138943347,-91.77844932061859
218,7275.2,13,446,373,48.59033619469361,40.6372094184321,0.006523821076852882,0.0,-21.746070256163474,0.0,11,369,278,40.20142164986983,30.287249915078082,46.749034899280545,-38.15925894045082,171.16612142688138,219.74175888221095,15,415,410,45.212980988335985,44.668246277633145,-17.433980939656745,-15.75245139316538,66.2809793721832,-96.91230710563906
219,7308.0,13,445,373,48.48138925255304,40.6372094184321,-0.5444600207827277,0.0,10.93293214423144,0.0,11,385,267,41.94457272411893,29.088833551531827,51.90108221229473,-30.54560309059014,143.90636587436586,239.96468835847668,15,410,405,44.668246277633145,44.1235115669303,-15.27772877412661,-18.03616188947166,87.1341519687837,-99.087930186721
220,7339.9,13,446,373,48.59033619469361,40.6372094184321,0.01887934794662759,0.0,-22.210997584258223,0.0,11,402,259,43.796670740508596,28.217258014407278,55.4691163730016,-22.768766075536888,90.32397604178364,259.3338587197838,15,405,398,44.1235115669303,43.36088297194632,-12.195284023423731,-20.84489453708024,113.15163433636258,-63.0115125812856
221,7375.6,14,445,373,48.48138925255304,40.6372094184321,0.006523821076862806,0.0,21.74607025616367,0.0,11,420,253,45.757715699038826,27.563576361563864,58.24574123949246,-13.523459639997238,57.85193315901209,271.0112152304076,15,402,391,43.796670740508596,42.59825437696234,-9.222047839505574,-22.321997873286453,97.30334533202247,-33.9551526577282
222,7407.6,13,445,373,48.48138925255304,40.6372094184321,0.0,0.0,0.0,0.0,11,439,250,47.82770759970963,27.23673553514216,56.88452210979255,-5.523240655373133,-43.837291627422346,262.49238865391135,15,400,384,43.57877685622746,41.83562578197836,-5.740597713115107,-22.88001469856594,104.37450387482012,1.8218095221777157
223,7439.8,13,445,373,48.48138925255304,40.6372094184321,-0.0010905599813812706,0.0,21.81119962774153,0.0,11,457,250,49.78875255823987,27.23673553514216,58.86189916531044,4.890344824028762,-22.400396616181567,294.4020952254715,15,399,376,43.46982991408689,40.96405024485381,-1.6399299811753345,-23.98032943180072,98.1667649078484,0.24004321751261606
224,7475.4,13,446,373,48.59033619469361,40.6372094184321,0.5512413075113575,0.0,-10.829888163287947,0.0,11,476,253,51.85874445891067,27.563576361563864,56.829433877766036,13.7746517772528,-86.23484621966213,276.0451257966513,15,398,369,43.36088297194632,40.20142164986983,1.503594863830317,-23.25298904687703,117.63939421378853,15.298014910421784
225,7517.6,13,445,373,48.48138925255304,40.6372094184321,0.6647155687119123,0.0,12.085737612943861,0.0,11,494,259,53.81978941744091,28.217258014407278,54.44023529184889,25.949292172916877,-0.6042868806442077,309.73548095136164,15,400,361,43.57877685622746,39.32984611274528,6.64715568711908,-22.886773952720816,120.85737612943781,-1.9447050522663318
226,7539.8,13,446,373,48.59033619469361,40.6372094184321,0.5452789012230299,0.0,-10.88381040365331,0.0,11,510,268,55.56294049169001,29.197780493672393,50.623954227202056,30.452984061277093,-142.35850214598602,216.85068951949506,15,402,354,43.796670740508596,38.5672175177613,8.153088442383588,-21.772013434978334,97.69360356333002,43.92627671893503
227,7577.2,13,446,373,48.59033619469361,40.6372094184321,-0.5604427992789061,0.0,-11.010664032984382,0.0,11,525,279,57.197144623798536,30.39619685721865,44.86969814930696,37.796606028573,-148.73049225694007,195.89896558488434,15,405,348,44.1235115669303,37.91353586491788,12.09444812830127,-20.030503205815677,90.43237915499208,48.01211949156936
228,7607.7,13,446,373,48.59033619469361,40.6372094184321,0.6411543665245087,0.0,-12.608738771376794,0.0,11,539,292,58.722401813766496,31.81250710504604,41.9360396758494,44.810108693985434,-276.95832390735956,108.92859276825364,15,410,342,44.668246277633145,37.25985421207447,14.966527669021737,-19.227213908252285,63.81236819692639,83.17800237676245
229,7640.0,13,446,373,48.59033619469361,40.6372094184321,-0.5469180161565645,0.0,-10.916527268594121,0.0,11,550,306,59.92081817731275,33.337764295014004,32.093847148549045,48.51010342348025,-227.50391459359543,143.5708546362575,15,414,336,45.104034046195416,36.60617255923106,16.902163759446964,-15.782180356430676,76.93863829422278,75.63126975906225
230,7675.9,13,445,373,48.48138925255304,40.6372094184321,-0.014349647900989072,0.0,22.076381386133686,0.0,11,559,322,60.90134065657787,35.0809153692631,24.84057265456895,52.56942872840456,-257.1281803821288,103.44901212193597,15,420,332,45.757715699038826,36.17038479066879,19.697392419263124,-13.2176928335813,63.629308605126774,90.03874924671615
231,7709.4,13,446,373,48.59033619469361,40.6372094184321,0.0,0.0,0.0,0.0,11,565,339,61.55502230942128,36.93301338565277,15.94391039752628,55.179699836857985,-234.19466091708816,94.99650345342928,15,427,328,46.520344294022806,35.73459702210651,20.78599235574736,-9.625630508194146,50.63138178784519,105.64369673942548
232,7739.8,13,445,373,48.48138925255304,40.6372094184321,-0.010829888163287728,0.0,21.659776326575603,0.0,11,569,357,61.990810077983554,38.894058344183,8.27152953775493,57.01265593489492,-249.897239931336,26.82097925982745,15,433,325,47.17402594686622,35.407756195684804,22.25218308635255,-6.571738099918122,30.276177876229628,108.94673137345353
233,7775.9,13,446,373,48.59033619469361,40.6372094184321,-0.0021833054537169208,0.0,-21.833054537188243,0.0,11,570,375,62.09975702012412,40.85510330271324,-0.5703890961567575,57.799794844534894,-251.09105463238524,1.1583102006706019,15,441,324,48.04560148399077,35.29880925354424,23.448178240604243,-2.7143972371996226,11.386407821695629,120.02716268091737
234,7807.7,13,446,373,48.59033619469361,40.6372094184321,0.0,0.0,0.0,0.0,11,569,393,61.990810077983554,42.81614826124348,-8.075406587357051,57.804015306544706,-254.49947916192068,-41.602495931827754,15,448,324,48.80823007897475,35.29880925354424,23.65477888212039,0.48025842702499494,7.736604506621177,99.9695064186442
235,7840.6,13,446,373,48.59033619469361,40.6372094184321,-0.019651324339931435,0.0,-21.834804822143926,0.0,11,565,411,61.55502230942128,44.77719321977371,-16.577219872915588,55.01343989223727,-243.13350234387175,-66.48796423319334,15,455,324,49.57085867395873,35.29880925354424,23.996214447591964,5.0163988754225315,4.327618973758644,120.97662131187646
236,7875.7,13,445,373,48.48138925255304,40.6372094184321,0.0021920737487117095,-0.5474709684086794,21.920737487136712,-10.971362092358284,11,558,428,60.7923937144373,46.629291236163375,-24.609888693405814,51.893562090142396,-230.66244431048077,-119.51968804420731,15,463,327,50.44243421108328,35.62565007996594,22.398084082283983,8.205488304883986,-32.43037893031803,98.80821892396413
237,7907.4,14,446,373,48.59033619469361,40.6372094184321,-0.5358478065096308,0.0,-10.749203741416887,0.0,11,550,444,59.92081817731275,48.372442310412474,-31.882256894074434,47.87192548918033,-223.07023611826838,-157.6370189601363,15,470,329,51.20506280606726,35.84354396424708,21.20749597072506,11.323129281440695,-56.82954154564507,117.54044051045749
238,7939.6,13,445,373,48.48138925255304,40.6372094184321,-0.019651324339921804,0.0,21.834804822144125,0.0,11,539,458,58.722401813766496,49.89769950038043,-39.07001948902419,42.69595438817806,-211.26648990074656,-182.35012675790176,15,477,334,51.96769140105124,36.38827867494992,19.176328815568784,14.65617013946903,-101.69904588331781,73.76623250724474
239,7975.3,13,446,372,48.59033619469361,40.52826247629153,0.5499259681539579,-0.01194865224099645,-10.92206490871815,21.72482225636794,11,525,470,57.197144623798536,51.20506280606726,-45.04642274472834,35.47036892846406,-179.70972539478916,-210.26330717021574,15,482,339,52.51242611175408,36.93301338565277,15.828366554054673,16.28270330428066,-99.49165978914554,63.38485335307701
240,8008.4,13,445,373,48.48138925255304,40.6372094184321,-0.5342201159880684,0.0,10.781435236893369,0.0,11,510,481,55.56294049169001,52.40347916961351,-50.77856904483053,28.089662519475745,-151.11416290660472,-234.09096063797423,15,487,345,53.05716082245693,37.58669503849618,12.96605047815852,18.53574372930986,-106.36739890121703,25.283607962199238
241,8040.4,13,446,373,48.59033619469361,40.6372094184321,0.5379880497545814,0.0,-10.770531526618187,0.0,11,493,489,53.71084247530034,53.27505470673806,-54.32461068076857,20.51170588951055,-91.40397025291371,-257.81353392994885,15,490,351,53.38400164887863,38.24037669133959,9.732470609037108,20.10030069473822,-85.67909313516918,34.25223089095417
242,8076.0,13,446,373,48.59033619469361,40.6372094184321,0.0,0.5436207425342731,0.0,-10.690673402837248,11,475,493,51.7497975167701,53.71084247530034,-55.9620990916876,12.503277078288175,-37.08622985762948,-245.88548826525465,15,492,357,53.60189553315977,38.894058344183,7.568137941266724,20.977808574217896,-64.56451921359456,29.86450652651067
243,8107.5,13,445,373,48.48138925255304,40.6372094184321,0.543087910328948,0.0,10.96040182298579,0.0,11,457,496,49.78875255823987,54.03768330172205,-58.03391529820577,3.933671071360487,4.689415108921273,-253.41643488402704,15,494,363,53.81978941744091,39.54773999702642,4.406329275525212,21.88198325202716,-66.38176765041317,42.24897574551611
244,8140.3,13,446,373,48.59033619469361,40.6372094184321,0.0,0.0,0.0,0.0,11,439,496,47.82770759970963,54.03768330172205,-56.38893157070202,-4.128468222913553,50.07622470870078,-235.48324509755807,14,495,371,53.92873635958148,40.41931553415097,1.7934797863470309,22.263328063114002,-73.25966207384047,9.051620327779991
245,8177.7,13,446,373,48.59033619469361,40.6372094184321,,,,,11,421,493,45.866662641179396,53.71084247530034,,,,,14,496,378,54.03768330172205,41.18194412913495,,,,
246,8207.4,14,446,373,48.59033619469361,40.6372094184321,,,,,11,404,488,44.01456462478973,53.1661077645975,,,,,14,495,385,53.92873635958148,41.94457272411893,,,,
247,8245.7,13,446,373,48.59033619469361,40.6372094184321,,,,,11,387,480,42.16246660840007,52.29453222747295,,,,,15,493,393,53.71084247530034,42.81614826124348,,,,
